date,total_cases,new_cases,total_deaths,new_deaths,icu_patients,hosp_patients,weekly_icu_admissions,weekly_hosp_admissions,new_tests,total_tests,positive_rate,tests_per_case,total_vaccinations,people_vaccinated,people_fully_vaccinated,new_vaccinations
2021-01-01,2680034.0,19358.0,64777.0,133.0,2609.0,24263.0,1173.0,7344.0,33219.0,35927542.0,0.051,19.6,3284.0,3284.0,0.0,1015.0
2021-01-02,2683500.0,3466.0,64933.0,156.0,2632.0,24458.0,1173.0,7477.0,229971.0,36157513.0,0.053,18.9,3662.0,3662.0,0.0,378.0
2021-01-03,2695989.0,12489.0,65049.0,116.0,2665.0,24780.0,1167.0,7545.0,47173.0,36204686.0,0.053,18.9,4141.0,4141.0,0.0,479.0
2021-01-04,2700011.0,4022.0,65427.0,378.0,2657.0,24962.0,1184.0,7590.0,427645.0,36632331.0,0.056,17.9,6251.0,6251.0,0.0,2110.0
2021-01-05,2720744.0,20733.0,66295.0,868.0,2616.0,24871.0,1178.0,7710.0,344235.0,36976566.0,0.058,17.2,12407.0,12407.0,0.0,6156.0
2021-01-06,2745887.0,25143.0,66577.0,282.0,2607.0,24708.0,1203.0,7744.0,312996.0,37289562.0,0.061,16.4,24381.0,24381.0,0.0,11974.0
2021-01-07,2767590.0,21703.0,66853.0,276.0,2573.0,24488.0,1207.0,7868.0,326630.0,37616192.0,0.063,15.9,53754.0,53754.0,0.0,29373.0
2021-01-08,2787404.0,19814.0,67443.0,590.0,2606.0,24377.0,1353.0,8636.0,350028.0,37966220.0,0.063,15.9,90857.0,90857.0,0.0,37103.0
2021-01-09,2807581.0,20177.0,67611.0,168.0,2600.0,24240.0,1395.0,8934.0,188814.0,38155034.0,0.063,15.9,102062.0,102062.0,0.0,11205.0
2021-01-10,2823525.0,15944.0,67762.0,151.0,2620.0,24526.0,1412.0,9006.0,42285.0,38197319.0,0.063,15.9,108062.0,108062.0,0.0,6000.0
2021-01-11,2827242.0,3717.0,68072.0,310.0,2666.0,24812.0,1374.0,9033.0,396962.0,38594281.0,0.063,15.9,147958.0,147958.0,0.0,39896.0
2021-01-12,2846936.0,19694.0,68814.0,742.0,2678.0,24703.0,1387.0,8946.0,337656.0,38931937.0,0.063,15.9,210016.0,210016.0,0.0,62058.0
2021-01-13,2870788.0,23852.0,69043.0,229.0,2701.0,24735.0,1361.0,9096.0,312625.0,39244562.0,0.063,15.9,275030.0,275030.0,0.0,65014.0
2021-01-14,2892016.0,21228.0,69325.0,282.0,2716.0,24983.0,1386.0,9346.0,322335.0,39566897.0,0.063,15.9,358099.0,358099.0,0.0,83069.0
2021-01-15,2913287.0,21271.0,69961.0,636.0,2730.0,25009.0,1390.0,9535.0,350021.0,39916918.0,0.064,15.6,427035.0,427035.0,0.0,68936.0
2021-01-16,2934693.0,21406.0,70154.0,193.0,2731.0,24985.0,1435.0,9790.0,198230.0,40115148.0,0.064,15.6,447303.0,447220.0,83.0,20268.0
2021-01-17,2951335.0,16642.0,70295.0,141.0,2766.0,25235.0,1453.0,9759.0,44619.0,40159767.0,0.064,15.6,458335.0,458211.0,124.0,11032.0
2021-01-18,2955071.0,3736.0,70698.0,403.0,2803.0,25584.0,1499.0,10136.0,397123.0,40556890.0,0.066,15.2,544270.0,543988.0,282.0,85935.0
2021-01-19,2979094.0,24023.0,71354.0,656.0,2829.0,25532.0,1556.0,10471.0,336768.0,40893658.0,0.068,14.7,674937.0,674532.0,405.0,130667.0
2021-01-20,3005852.0,26758.0,71664.0,310.0,2842.0,25650.0,1640.0,10794.0,320195.0,41213853.0,0.068,14.7,812598.0,812039.0,559.0,137661.0
2021-01-21,3028439.0,22587.0,72010.0,346.0,2866.0,25699.0,1687.0,10862.0,339876.0,41553729.0,0.069,14.5,971030.0,970342.0,688.0,158432.0
2021-01-22,3051731.0,23292.0,72659.0,649.0,2902.0,25872.0,1708.0,11089.0,382297.0,41936026.0,0.068,14.7,1092151.0,1091303.0,848.0,121121.0
2021-01-23,3075824.0,24093.0,72889.0,230.0,2886.0,25864.0,1692.0,11064.0,201342.0,42137368.0,0.069,14.5,1130634.0,1129736.0,898.0,38483.0
2021-01-24,3094260.0,18436.0,73061.0,172.0,2955.0,26357.0,1731.0,11284.0,42546.0,42179914.0,0.069,14.5,1140405.0,1139480.0,925.0,9771.0
2021-01-25,3098500.0,4240.0,73506.0,445.0,3031.0,26888.0,1776.0,11391.0,431063.0,42610977.0,0.068,14.7,1219813.0,1217680.0,2133.0,79408.0
2021-01-26,3120586.0,22086.0,74118.0,612.0,3071.0,27005.0,1804.0,11402.0,359201.0,42970178.0,0.068,14.7,1323228.0,1317995.0,5233.0,103415.0
2021-01-27,3147502.0,26916.0,74468.0,350.0,3097.0,27131.0,1830.0,11424.0,339921.0,43310099.0,0.067,14.9,1435983.0,1425172.0,10811.0,112755.0
2021-01-28,3171272.0,23770.0,74812.0,344.0,3101.0,27128.0,1849.0,11391.0,384735.0,43694834.0,0.065,15.4,1574593.0,1549460.0,25133.0,138610.0
2021-01-29,3194477.0,23205.0,75633.0,821.0,3120.0,27270.0,1850.0,11353.0,414021.0,44108855.0,0.064,15.6,1683961.0,1641580.0,42381.0,109368.0
2021-01-30,3218522.0,24045.0,75874.0,241.0,3103.0,27242.0,1870.0,11355.0,216809.0,44325664.0,0.064,15.6,1717248.0,1670659.0,46589.0,33287.0
2021-01-31,3237858.0,19336.0,76069.0,195.0,3148.0,27573.0,1843.0,11253.0,44476.0,44370140.0,0.064,15.6,1724122.0,1675858.0,48264.0,6874.0
2021-02-01,3242205.0,4347.0,76524.0,455.0,3218.0,27874.0,1862.0,11230.0,441380.0,44811520.0,0.064,15.6,1798568.0,1729227.0,69341.0,74446.0
2021-02-02,3265542.0,23337.0,77250.0,726.0,3270.0,28029.0,1888.0,11413.0,384641.0,45196161.0,0.064,15.6,1905320.0,1801490.0,103830.0,106752.0
2021-02-03,3291904.0,26362.0,77607.0,357.0,3267.0,27953.0,1845.0,11362.0,350023.0,45546184.0,0.063,15.9,2014441.0,1873719.0,140722.0,109121.0
2021-02-04,3291904.0,0.0,77607.0,0.0,3240.0,27766.0,1848.0,11388.0,378658.0,45924842.0,0.063,15.9,2146310.0,1955649.0,190661.0,131869.0
2021-02-05,3337491.0,45587.0,78615.0,1008.0,3235.0,27572.0,1832.0,11284.0,422266.0,46347108.0,0.061,16.4,2259727.0,2023838.0,235889.0,113417.0
2021-02-06,3358077.0,20586.0,78806.0,191.0,3215.0,27327.0,1808.0,11234.0,222052.0,46569160.0,0.061,16.4,2293225.0,2046973.0,246252.0,33498.0
2021-02-07,3377792.0,19715.0,78977.0,171.0,3262.0,27652.0,1820.0,11208.0,43371.0,46612531.0,0.06,16.7,2303399.0,2052116.0,251283.0,10174.0
2021-02-08,3382109.0,4317.0,79435.0,458.0,3353.0,27995.0,1858.0,11351.0,427443.0,47039974.0,0.059,16.9,2395984.0,2098810.0,297174.0,92585.0
2021-02-09,3401113.0,19004.0,80159.0,724.0,3332.0,27634.0,1823.0,11093.0,379381.0,47419355.0,0.058,17.2,2534187.0,2164737.0,369450.0,138203.0
2021-02-10,3426500.0,25387.0,80455.0,296.0,3309.0,27417.0,1830.0,10736.0,345271.0,47764626.0,0.057,17.5,2681492.0,2235519.0,445973.0,147305.0
2021-02-11,3447563.0,21063.0,80815.0,360.0,3327.0,26963.0,1824.0,10602.0,363138.0,48127764.0,0.056,17.9,2867560.0,2322645.0,544915.0,186068.0
2021-02-12,3468264.0,20701.0,81460.0,645.0,3298.0,26424.0,1833.0,10288.0,402956.0,48530720.0,0.055,18.2,3020829.0,2401809.0,619020.0,153269.0
2021-02-13,3489495.0,21231.0,81659.0,199.0,3294.0,26196.0,1856.0,10247.0,216134.0,48746854.0,0.054,18.5,3062588.0,2424109.0,638479.0,41759.0
2021-02-14,3506170.0,16675.0,81826.0,167.0,3299.0,26401.0,1809.0,10108.0,42733.0,48789587.0,0.054,18.5,3074795.0,2429137.0,645658.0,12207.0
2021-02-15,3510546.0,4376.0,82238.0,412.0,3371.0,26478.0,1759.0,9646.0,420200.0,49209787.0,0.054,18.5,3189122.0,2467110.0,722012.0,114327.0
2021-02-16,3530136.0,19590.0,82824.0,586.0,3338.0,26195.0,1748.0,9572.0,360977.0,49570764.0,0.055,18.2,3339882.0,2517372.0,822510.0,150760.0
2021-02-17,3555154.0,25018.0,83134.0,310.0,3340.0,25929.0,1777.0,9606.0,338255.0,49909019.0,0.055,18.2,3493059.0,2567770.0,925288.0,153177.0
2021-02-18,3577655.0,22501.0,83405.0,271.0,3384.0,25717.0,1770.0,9478.0,362499.0,50271518.0,0.057,17.5,3680961.0,2637359.0,1043601.0,187902.0
2021-02-19,3601771.0,24116.0,83976.0,571.0,3380.0,25506.0,1815.0,9616.0,404684.0,50676202.0,0.058,17.2,3836495.0,2702336.0,1134157.0,155534.0
2021-02-20,3624142.0,22371.0,84133.0,157.0,3369.0,25269.0,1819.0,9560.0,215407.0,50891609.0,0.059,16.9,3883410.0,2720887.0,1162521.0,46915.0
2021-02-21,3646188.0,22046.0,84292.0,159.0,3392.0,25464.0,1847.0,9502.0,43505.0,50935114.0,0.059,16.9,3893035.0,2724150.0,1168883.0,9625.0
2021-02-22,3650834.0,4646.0,84625.0,333.0,3407.0,25831.0,1815.0,9600.0,407028.0,51342142.0,0.062,16.1,4003450.0,2761568.0,1241879.0,110415.0
2021-02-23,3671019.0,20185.0,85056.0,431.0,3435.0,25660.0,1837.0,9523.0,344211.0,51686353.0,0.064,15.6,4141056.0,2815270.0,1325782.0,137606.0
2021-02-24,3702538.0,31519.0,85333.0,277.0,3436.0,25614.0,1845.0,9600.0,328880.0,52015233.0,0.065,15.4,4281915.0,2875159.0,1406751.0,140859.0
2021-02-25,3727941.0,25403.0,85594.0,261.0,3430.0,25317.0,1884.0,9564.0,344404.0,52359637.0,0.066,15.2,4473638.0,2975635.0,1497997.0,191723.0
2021-02-26,3753148.0,25207.0,86133.0,539.0,3445.0,25130.0,1878.0,9655.0,389895.0,52749532.0,0.066,15.2,4657870.0,3088988.0,1568876.0,184232.0
2021-02-27,3777258.0,24110.0,86318.0,185.0,3453.0,24989.0,1891.0,9633.0,206530.0,52956062.0,0.066,15.2,4731861.0,3141040.0,1590815.0,73991.0
2021-02-28,3797210.0,19952.0,86440.0,122.0,3492.0,25280.0,1914.0,9768.0,44423.0,53000485.0,0.066,15.2,4742424.0,3147195.0,1595222.0,10563.0
2021-03-01,3801913.0,4703.0,86815.0,375.0,3544.0,25430.0,1987.0,9632.0,404245.0,53404730.0,0.066,15.2,4860865.0,3212946.0,1647910.0,118441.0
2021-03-02,3824770.0,22857.0,87232.0,417.0,3586.0,25263.0,2008.0,9557.0,337545.0,53742275.0,0.065,15.4,5028262.0,3314221.0,1714030.0,167397.0
2021-03-03,3851558.0,26788.0,87554.0,322.0,3637.0,25111.0,2011.0,9543.0,320358.0,54062633.0,0.065,15.4,5210000.0,3430539.0,1779450.0,181738.0
2021-03-04,3876837.0,25279.0,87847.0,293.0,3633.0,24891.0,2003.0,9627.0,345076.0,54407709.0,0.065,15.4,5442162.0,3593949.0,1848199.0,232162.0
2021-03-05,3900344.0,23507.0,88286.0,439.0,3680.0,24765.0,2024.0,9390.0,395865.0,54803574.0,0.065,15.4,5706180.0,3794714.0,1911449.0,264018.0
2021-03-06,3923736.0,23392.0,88456.0,170.0,3689.0,24625.0,2049.0,9480.0,213949.0,55017523.0,0.065,15.4,5931874.0,4002620.0,1929234.0,225694.0
2021-03-07,3945561.0,21825.0,88586.0,130.0,3743.0,24818.0,2072.0,9472.0,46181.0,55063704.0,0.065,15.4,6058590.0,4123874.0,1934696.0,126716.0
2021-03-08,3951063.0,5502.0,88945.0,359.0,3849.0,25195.0,2106.0,9663.0,427662.0,55491366.0,0.066,15.2,6216331.0,4230896.0,1985413.0,157741.0
2021-03-09,3974190.0,23127.0,89313.0,368.0,3918.0,25201.0,2161.0,9768.0,370517.0,55861883.0,0.066,15.2,6445287.0,4403184.0,2042079.0,228956.0
2021-03-10,4003817.0,29627.0,89644.0,331.0,3918.0,24969.0,2182.0,9720.0,346112.0,56207995.0,0.067,14.9,6681156.0,4581973.0,2099155.0,235869.0
2021-03-11,4031850.0,28033.0,89909.0,265.0,3992.0,24858.0,2274.0,9791.0,410370.0,56618365.0,0.067,14.9,6986831.0,4824685.0,2162117.0,305675.0
2021-03-12,4056888.0,25038.0,90132.0,223.0,4033.0,24749.0,2256.0,9842.0,464619.0,57082984.0,0.067,14.9,7334953.0,5119405.0,2215519.0,348122.0
2021-03-13,4086647.0,29759.0,90301.0,169.0,4070.0,24671.0,2286.0,9832.0,245043.0,57328027.0,0.067,14.9,7581500.0,5350707.0,2230763.0,246547.0
2021-03-14,4113075.0,26428.0,90442.0,141.0,4127.0,24989.0,2287.0,9933.0,54509.0,57382536.0,0.068,14.7,7648212.0,5414000.0,2234181.0,66712.0
2021-03-15,4119519.0,6444.0,90775.0,333.0,4219.0,25469.0,2307.0,10025.0,495130.0,57877666.0,0.07,14.3,7839196.0,5572408.0,2266754.0,190984.0
2021-03-16,4149521.0,30002.0,91183.0,408.0,4239.0,25492.0,2321.0,10220.0,448929.0,58326595.0,0.071,14.1,8020171.0,5713925.0,2306208.0,180975.0
2021-03-17,4187989.0,38468.0,91424.0,241.0,4219.0,25314.0,2335.0,10391.0,404630.0,58731225.0,0.072,13.9,8209268.0,5864296.0,2344929.0,189097.0
2021-03-18,4223020.0,35031.0,91692.0,268.0,4246.0,25389.0,2332.0,10443.0,483342.0,59214567.0,0.073,13.7,8421548.0,6032026.0,2389475.0,212280.0
2021-03-19,4258108.0,35088.0,91977.0,285.0,4287.0,25339.0,2409.0,10694.0,545137.0,59759704.0,0.073,13.7,8688886.0,6261979.0,2426858.0,267338.0
2021-03-20,4293435.0,35327.0,92153.0,176.0,4353.0,25537.0,2463.0,10955.0,282851.0,60042555.0,0.073,13.7,8867241.0,6428583.0,2438609.0,178355.0
2021-03-21,4324088.0,30653.0,92291.0,138.0,4406.0,25926.0,2471.0,11060.0,59732.0,60102287.0,0.074,13.5,8919721.0,6478441.0,2441230.0,52480.0
2021-03-22,4339880.0,15792.0,92634.0,343.0,4548.0,26488.0,2541.0,11286.0,581562.0,60683849.0,0.075,13.3,9123823.0,6648317.0,2475455.0,204102.0
2021-03-23,4354558.0,14678.0,92921.0,287.0,4634.0,26756.0,2594.0,11567.0,535627.0,61219476.0,0.075,13.3,9416356.0,6898537.0,2517767.0,292533.0
2021-03-24,4419931.0,65373.0,93166.0,245.0,4651.0,26876.0,2621.0,11952.0,483128.0,61702604.0,0.075,13.3,9716882.0,7155309.0,2561521.0,300526.0
2021-03-25,4465572.0,45641.0,93391.0,225.0,4709.0,27036.0,2647.0,12151.0,570672.0,62273276.0,0.075,13.3,10103287.0,7497060.0,2606170.0,386405.0
2021-03-26,4507441.0,41869.0,94288.0,897.0,4766.0,27242.0,2740.0,12500.0,635140.0,62908416.0,0.075,13.3,10503716.0,7855701.0,2647954.0,400429.0
2021-03-27,4550060.0,42619.0,94478.0,190.0,4791.0,27259.0,2755.0,12719.0,347455.0,63255871.0,0.075,13.3,10715514.0,8050882.0,2664570.0,211798.0
2021-03-28,4587179.0,37119.0,94609.0,131.0,4872.0,27712.0,2797.0,12810.0,63358.0,63319229.0,0.075,13.3,10778531.0,8110171.0,2668295.0,63017.0
2021-03-29,4596273.0,9094.0,94969.0,360.0,4974.0,28322.0,2810.0,13007.0,687426.0,64006655.0,0.075,13.3,11035599.0,8313038.0,2722492.0,257068.0
2021-03-30,4626975.0,30702.0,95350.0,381.0,5072.0,28510.0,2891.0,13300.0,656016.0,64662671.0,0.074,13.5,11390397.0,8598317.0,2792007.0,354798.0
2021-03-31,4686013.0,59038.0,95653.0,303.0,5053.0,28463.0,2979.0,13379.0,570396.0,65233067.0,0.073,13.7,11726048.0,8861176.0,2864796.0,335651.0
2021-04-01,4736672.0,50659.0,95961.0,308.0,5109.0,28581.0,3051.0,13554.0,660087.0,65893154.0,0.072,13.9,12129087.0,9176554.0,2952445.0,403039.0
2021-04-02,4783349.0,46677.0,96293.0,332.0,5254.0,28729.0,3080.0,13598.0,670440.0,66563594.0,0.07,14.3,12502376.0,9457902.0,3044379.0,373289.0
2021-04-03,4783514.0,165.0,96479.0,186.0,5273.0,28886.0,3147.0,13761.0,406226.0,66969820.0,0.069,14.5,12704977.0,9598765.0,3106112.0,202601.0
2021-04-04,4864143.0,80629.0,96664.0,185.0,5341.0,29356.0,3179.0,13968.0,66133.0,67035953.0,0.069,14.5,12769869.0,9645022.0,3124745.0,64892.0
2021-04-05,4874936.0,10793.0,96861.0,197.0,5433.0,29907.0,2979.0,13088.0,102929.0,67138882.0,0.066,15.2,12844945.0,9709109.0,3135723.0,75076.0
2021-04-06,4882981.0,8045.0,97287.0,426.0,5626.0,30639.0,3042.0,12968.0,630442.0,67769324.0,0.071,14.1,13169692.0,9926182.0,3243380.0,324747.0
2021-04-07,4883903.0,922.0,97708.0,421.0,5729.0,30904.0,3243.0,13890.0,478017.0,68247341.0,0.073,13.7,13545137.0,10186337.0,3358654.0,375445.0
2021-04-08,4980931.0,97028.0,98051.0,343.0,5705.0,30555.0,3261.0,14011.0,469491.0,68716832.0,0.077,13.0,14004071.0,10524043.0,3479868.0,458934.0
2021-04-09,4981084.0,153.0,98381.0,330.0,5757.0,30326.0,3254.0,14039.0,509716.0,69226548.0,0.081,12.3,14530387.0,10934027.0,3596153.0,526316.0
2021-04-10,4982487.0,1403.0,98588.0,207.0,5769.0,30238.0,3243.0,13958.0,296143.0,69522691.0,0.084,11.9,14825569.0,11146561.0,3678787.0,295182.0
2021-04-11,5100387.0,117900.0,98764.0,176.0,5838.0,30671.0,3259.0,14039.0,59391.0,69582082.0,0.084,11.9,14916130.0,11202580.0,3713322.0,90561.0
2021-04-12,5108923.0,8536.0,99149.0,385.0,5916.0,31262.0,3467.0,14992.0,479982.0,70062064.0,0.089,11.2,15268124.0,11439508.0,3828344.0,351994.0
2021-04-13,5148036.0,39113.0,99494.0,345.0,5952.0,31226.0,3390.0,15034.0,391481.0,70453545.0,0.089,11.2,15722243.0,11748823.0,3973051.0,454119.0
2021-04-14,5191541.0,43505.0,99791.0,297.0,5902.0,30868.0,3158.0,13975.0,370342.0,70823887.0,0.089,11.2,16156001.0,12043210.0,4112212.0,433758.0
2021-04-15,5229586.0,38045.0,100087.0,296.0,5924.0,30668.0,3161.0,13881.0,375978.0,71199865.0,0.09,11.1,16641412.0,12380676.0,4259828.0,485411.0
2021-04-16,5266028.0,36442.0,100418.0,331.0,5914.0,30472.0,3126.0,13805.0,417543.0,71617408.0,0.091,11.0,17126483.0,12719889.0,4405337.0,485071.0
2021-04-17,5301889.0,35861.0,100607.0,189.0,5877.0,30329.0,3097.0,13627.0,248259.0,71865667.0,0.091,11.0,17405246.0,12908444.0,4495439.0,278763.0
2021-04-18,5331266.0,29377.0,100747.0,140.0,5893.0,30789.0,3044.0,13433.0,52311.0,71917978.0,0.091,11.0,17492211.0,12959975.0,4530829.0,86965.0
2021-04-19,5337962.0,6696.0,101194.0,447.0,5970.0,31214.0,3054.0,13327.0,418542.0,72336520.0,0.092,10.9,17836293.0,13165465.0,4668969.0,344082.0
2021-04-20,5382025.0,44063.0,101582.0,388.0,5984.0,31086.0,3100.0,13230.0,343724.0,72680244.0,0.092,10.9,18261551.0,13419734.0,4839399.0,425258.0
2021-04-21,5416946.0,34921.0,101895.0,313.0,5959.0,30954.0,3135.0,13253.0,326481.0,73006725.0,0.092,10.9,18684010.0,13672799.0,5007966.0,422459.0
2021-04-22,5450346.0,33400.0,102178.0,283.0,5981.0,30634.0,3112.0,13069.0,331139.0,73337864.0,0.092,10.9,19160096.0,13960147.0,5195890.0,476086.0
2021-04-23,5482686.0,32340.0,102510.0,332.0,5962.0,30438.0,3085.0,12957.0,377861.0,73715725.0,0.092,10.9,19641957.0,14258232.0,5383125.0,481861.0
2021-04-24,5515319.0,32633.0,102727.0,217.0,5958.0,30100.0,3074.0,12854.0,223674.0,73939399.0,0.092,10.9,19943937.0,14448554.0,5496106.0,301980.0
2021-04-25,5539824.0,24505.0,102872.0,145.0,5978.0,30287.0,3059.0,12624.0,49268.0,73988667.0,0.091,11.0,20052228.0,14517990.0,5535035.0,108291.0
2021-04-26,5545776.0,5952.0,103270.0,398.0,6001.0,30596.0,3027.0,12502.0,407447.0,74396114.0,0.089,11.2,20429375.0,14738775.0,5693715.0,377147.0
2021-04-27,5576093.0,30317.0,103617.0,347.0,5943.0,30281.0,2910.0,12207.0,360034.0,74756148.0,0.085,11.8,20901892.0,15023211.0,5890375.0,472517.0
2021-04-28,5607632.0,31539.0,103932.0,315.0,5879.0,29911.0,2783.0,11820.0,315329.0,75071477.0,0.081,12.3,21385536.0,15322566.0,6083156.0,483644.0
2021-04-29,5634170.0,26538.0,104238.0,306.0,5804.0,29487.0,2697.0,11653.0,387020.0,75458497.0,0.076,13.2,21939611.0,15679565.0,6294931.0,554075.0
2021-04-30,5658469.0,24299.0,104528.0,290.0,5675.0,28930.0,2584.0,11154.0,470591.0,75929088.0,0.07,14.3,22497311.0,16051644.0,6498652.0,557700.0
2021-05-01,5684139.0,25670.0,104720.0,192.0,5581.0,28603.0,2546.0,11032.0,69450.0,75998538.0,0.067,14.9,22717817.0,16219516.0,6553083.0,220506.0
2021-05-02,5694060.0,9921.0,104834.0,114.0,5585.0,28818.0,2501.0,10949.0,58017.0,76056555.0,0.067,14.9,22847442.0,16311280.0,6591339.0,129625.0
2021-05-03,5697820.0,3760.0,105145.0,311.0,5630.0,28950.0,2417.0,10500.0,473404.0,76529959.0,0.063,15.9,23307037.0,16600683.0,6765748.0,459595.0
2021-05-04,5722191.0,24371.0,105402.0,257.0,5504.0,28427.0,2288.0,9982.0,405706.0,76935665.0,0.06,16.7,23848237.0,16916749.0,6998043.0,541200.0
2021-05-05,5748191.0,26000.0,105646.0,244.0,5402.0,27686.0,2251.0,9733.0,354362.0,77290027.0,0.056,17.9,24401272.0,17244349.0,7228353.0,553035.0
2021-05-06,5769903.0,21712.0,105865.0,219.0,5231.0,26985.0,2132.0,9173.0,444149.0,77734176.0,0.053,18.9,25021157.0,17623854.0,7478485.0,619885.0
2021-05-07,5789027.0,19124.0,106116.0,251.0,5106.0,26331.0,2078.0,8880.0,508482.0,78242658.0,0.05,20.0,25652349.0,17996945.0,7754481.0,631192.0
2021-05-08,5809806.0,20779.0,106292.0,176.0,5005.0,25800.0,1959.0,8478.0,87101.0,78329759.0,0.049,20.4,25941466.0,18218996.0,7823616.0,289117.0
2021-05-09,5818934.0,9128.0,106407.0,115.0,4971.0,25797.0,1910.0,8207.0,57974.0,78387733.0,0.049,20.4,26117973.0,18348592.0,7870965.0,176507.0
2021-05-10,5822226.0,3292.0,106699.0,292.0,4870.0,25666.0,1789.0,7837.0,522292.0,78910025.0,0.046,21.7,26661453.0,18662212.0,8106840.0,543480.0
2021-05-11,5842017.0,19791.0,106950.0,251.0,4743.0,25028.0,1719.0,7485.0,481167.0,79391192.0,0.043,23.3,27324440.0,19065957.0,8378826.0,662987.0
2021-05-12,5863515.0,21498.0,107134.0,184.0,4583.0,24254.0,1624.0,6991.0,449475.0,79840667.0,0.041,24.4,27992984.0,19500134.0,8621824.0,668544.0
2021-05-13,5882976.0,19461.0,107265.0,131.0,4442.0,23656.0,1490.0,6458.0,78615.0,79919282.0,0.04,25.0,28388697.0,19838667.0,8680152.0,395713.0
2021-05-14,5890001.0,7025.0,107438.0,173.0,4352.0,23406.0,1373.0,6051.0,453024.0,80372306.0,0.041,24.4,29011096.0,20292784.0,8855066.0,622399.0
2021-05-15,5905686.0,15685.0,107550.0,112.0,4271.0,22950.0,1316.0,5787.0,228387.0,80600693.0,0.041,24.4,29479816.0,20667240.0,8952595.0,468720.0
2021-05-16,5919712.0,14026.0,107631.0,81.0,4255.0,22963.0,1294.0,5676.0,54308.0,80655001.0,0.041,24.4,29703353.0,20869848.0,8973775.0,223537.0
2021-05-17,5923062.0,3350.0,107827.0,196.0,4186.0,22749.0,1233.0,5422.0,473762.0,81128763.0,0.04,25.0,30229719.0,21245815.0,9127100.0,526366.0
2021-05-18,5940272.0,17210.0,108055.0,228.0,4015.0,22058.0,1195.0,5179.0,437507.0,81566270.0,0.04,25.0,30843959.0,21705207.0,9288713.0,614240.0
2021-05-19,5959322.0,19050.0,108196.0,141.0,3862.0,21347.0,1146.0,4926.0,387968.0,81954238.0,0.04,25.0,31458701.0,22172456.0,9439447.0,614742.0
2021-05-20,5610476.0,,108329.0,133.0,3769.0,20750.0,1209.0,5017.0,430204.0,82384442.0,0.038,26.3,32128596.0,22680002.0,9608949.0,669895.0
2021-05-21,5623276.0,12800.0,108452.0,123.0,3631.0,20209.0,1196.0,4909.0,454222.0,82838664.0,0.036,27.8,32794200.0,23169426.0,9795926.0,665604.0
2021-05-22,5635887.0,12611.0,108541.0,89.0,3544.0,19765.0,1177.0,4797.0,244957.0,83083621.0,0.035,28.6,33221561.0,23516412.0,9880666.0,427361.0
2021-05-23,5645653.0,9766.0,108612.0,71.0,3515.0,19720.0,1148.0,4705.0,52583.0,83136204.0,0.035,28.6,33397759.0,23677966.0,9895556.0,176198.0
2021-05-24,5647882.0,2229.0,108674.0,62.0,3496.0,19701.0,1010.0,4094.0,96934.0,83233138.0,0.033,30.3,33694493.0,23940966.0,9929733.0,296734.0
2021-05-25,5651037.0,3155.0,108895.0,221.0,3447.0,19430.0,968.0,3894.0,485434.0,83718572.0,0.033,30.3,34285744.0,24340926.0,10126307.0,591251.0
2021-05-26,5663683.0,12646.0,109039.0,144.0,3330.0,18593.0,981.0,3853.0,357218.0,84075790.0,0.033,30.3,34888978.0,24754106.0,10321867.0,603234.0
2021-05-27,5677616.0,13933.0,109181.0,142.0,3206.0,17941.0,906.0,3643.0,408093.0,84483883.0,0.032,31.2,35558919.0,25203601.0,10554469.0,669941.0
2021-05-28,5688884.0,11268.0,109306.0,125.0,3104.0,17272.0,922.0,3557.0,446847.0,84930730.0,0.031,32.3,36249364.0,25632927.0,10840213.0,690445.0
2021-05-29,5700410.0,11526.0,109374.0,68.0,3028.0,16847.0,900.0,3423.0,229396.0,85160126.0,0.031,32.3,36697958.0,25931733.0,11000781.0,448594.0
2021-05-30,5709072.0,8662.0,109418.0,44.0,2993.0,16775.0,870.0,3298.0,51041.0,85211167.0,0.031,32.3,36837653.0,26038715.0,11034293.0,139695.0
2021-05-31,5709432.0,360.0,109544.0,126.0,2945.0,16596.0,944.0,3567.0,400167.0,85611334.0,0.031,32.3,37400017.0,26396424.0,11250144.0,562364.0
2021-06-01,5719280.0,9848.0,109678.0,134.0,2825.0,16088.0,884.0,3367.0,348579.0,85959913.0,0.029,34.5,38085692.0,26828900.0,11521600.0,685675.0
2021-06-02,5720630.0,1350.0,109774.0,96.0,2754.0,15638.0,809.0,3187.0,314482.0,86274395.0,0.027,37.0,38740579.0,27251301.0,11766614.0,654887.0
2021-06-03,5736184.0,15554.0,109844.0,70.0,2677.0,15283.0,776.0,3146.0,367151.0,86641546.0,0.026,38.5,39465672.0,27716285.0,12044294.0,725093.0
2021-06-04,5743137.0,6953.0,109932.0,88.0,2571.0,14801.0,712.0,3015.0,419741.0,87061287.0,0.024,41.7,40228429.0,28172892.0,12371181.0,762757.0
2021-06-05,5749791.0,6654.0,109989.0,57.0,2525.0,14532.0,681.0,2948.0,212620.0,87273907.0,0.023,43.5,40722565.0,28477542.0,12569695.0,494136.0
2021-06-06,5754971.0,5180.0,110021.0,32.0,2527.0,14525.0,690.0,2903.0,46046.0,87319953.0,0.023,43.5,40905130.0,28610831.0,12619782.0,182565.0
2021-06-07,5756135.0,1164.0,110085.0,64.0,2472.0,14323.0,647.0,2757.0,375396.0,87695349.0,0.021,47.6,41507664.0,28949860.0,12890991.0,602534.0
2021-06-08,5762153.0,6018.0,110160.0,75.0,2394.0,13984.0,608.0,2566.0,328056.0,88023405.0,0.019,52.6,42194192.0,29343789.0,13196388.0,686528.0
2021-06-09,5767710.0,5557.0,110225.0,65.0,2326.0,13526.0,596.0,2466.0,280645.0,88304050.0,0.018,55.6,42856292.0,29728632.0,13484113.0,662100.0
2021-06-10,5772185.0,4475.0,110293.0,68.0,2245.0,13090.0,576.0,2305.0,342036.0,88646086.0,0.016,62.5,43551775.0,30133410.0,13788476.0,695483.0
2021-06-11,5776056.0,3871.0,110367.0,74.0,2163.0,12712.0,551.0,2210.0,381777.0,89027863.0,0.015,66.7,44296845.0,30519933.0,14162482.0,745070.0
2021-06-12,5780028.0,3972.0,110401.0,34.0,2110.0,12496.0,537.0,2141.0,198681.0,89226544.0,0.015,66.7,44791486.0,30802882.0,14381098.0,494641.0
2021-06-13,5783001.0,2973.0,110417.0,16.0,2106.0,12480.0,511.0,2098.0,46560.0,89273104.0,0.014,71.4,44970326.0,30907549.0,14455970.0,178840.0
2021-06-14,5783690.0,689.0,110480.0,63.0,2068.0,12374.0,485.0,2040.0,341393.0,89614497.0,0.013,76.9,45567887.0,31148201.0,14818078.0,597561.0
2021-06-15,5786925.0,3235.0,110560.0,80.0,1952.0,11895.0,448.0,1935.0,283856.0,89898353.0,0.012,83.3,46262682.0,31455908.0,15214463.0,694795.0
2021-06-16,5789983.0,3058.0,110604.0,44.0,1873.0,11519.0,393.0,1742.0,250972.0,90149325.0,0.011,90.9,46935140.0,31769645.0,15580657.0,672458.0
2021-06-17,5792027.0,2044.0,110660.0,56.0,1799.0,11114.0,365.0,1670.0,319336.0,90468661.0,0.011,90.9,47625793.0,32087116.0,15963278.0,690653.0
2021-06-18,5795208.0,3181.0,110728.0,68.0,1740.0,10738.0,352.0,1528.0,386969.0,90855630.0,0.01,100.0,48391013.0,32408792.0,16417874.0,765220.0
2021-06-19,5797832.0,2624.0,110750.0,22.0,1703.0,10531.0,328.0,1432.0,204767.0,91060397.0,0.009,111.1,48889215.0,32632915.0,16697042.0,498202.0
2021-06-20,5799741.0,1909.0,110765.0,15.0,1703.0,10518.0,317.0,1372.0,49756.0,91110153.0,0.009,111.1,49066076.0,32707152.0,16800328.0,176861.0
2021-06-21,5800228.0,487.0,110805.0,40.0,1655.0,10386.0,294.0,1263.0,315188.0,91425341.0,0.009,111.1,49664170.0,32902591.0,17207032.0,598094.0
2021-06-22,5802432.0,2204.0,110856.0,51.0,1560.0,10046.0,272.0,1144.0,257638.0,91682979.0,0.008,125.0,50355030.0,33125419.0,17681679.0,690860.0
2021-06-23,5804752.0,2320.0,110889.0,33.0,1509.0,9771.0,275.0,1113.0,233048.0,91916027.0,0.008,125.0,51029186.0,33358981.0,18128137.0,674156.0
2021-06-24,5806759.0,2007.0,110933.0,44.0,1439.0,9392.0,256.0,1028.0,291230.0,92207257.0,0.008,125.0,51680888.0,33600507.0,18545590.0,651702.0
2021-06-25,5808745.0,1986.0,110966.0,33.0,1389.0,9190.0,242.0,1005.0,354728.0,92561985.0,0.008,125.0,52431539.0,33828019.0,19077472.0,750651.0
2021-06-26,5810873.0,2128.0,110978.0,12.0,1349.0,9024.0,232.0,984.0,208557.0,92770542.0,0.008,125.0,52955511.0,33980965.0,19452737.0,523972.0
2021-06-27,5812507.0,1634.0,110996.0,18.0,1345.0,8986.0,230.0,975.0,52307.0,92822849.0,0.008,125.0,53167645.0,34036701.0,19609722.0,212134.0
2021-06-28,5813016.0,509.0,111040.0,44.0,1304.0,8846.0,223.0,935.0,320664.0,93143513.0,0.008,125.0,53775902.0,34191041.0,20067274.0,608257.0
2021-06-29,5816411.0,3395.0,111085.0,45.0,1250.0,8627.0,205.0,888.0,263456.0,93406969.0,0.008,125.0,54465627.0,34373309.0,20579672.0,689725.0
2021-06-30,5817787.0,1376.0,111110.0,25.0,1204.0,8451.0,194.0,879.0,268565.0,93675534.0,0.008,125.0,55152135.0,34576790.0,21067325.0,686508.0
2021-07-01,5820451.0,2664.0,111139.0,29.0,1162.0,8232.0,197.0,848.0,324051.0,93999585.0,0.008,125.0,55843947.0,34809196.0,21532641.0,691812.0
2021-07-02,5823134.0,2683.0,111163.0,24.0,1123.0,8044.0,175.0,818.0,397365.0,94396950.0,0.009,111.1,56593725.0,35036948.0,22061894.0,749778.0
2021-07-03,5826140.0,3006.0,111180.0,17.0,1102.0,7912.0,178.0,816.0,267748.0,94664698.0,0.009,111.1,57104767.0,35178642.0,22435143.0,511042.0
2021-07-04,5828745.0,2605.0,111191.0,11.0,1104.0,7913.0,177.0,815.0,67287.0,94731985.0,0.009,111.1,57302784.0,35235192.0,22577017.0,198017.0
2021-07-05,5829541.0,796.0,111227.0,36.0,1077.0,7806.0,166.0,776.0,374033.0,95106018.0,0.01,100.0,57891713.0,35403430.0,23000770.0,588929.0
2021-07-06,5833126.0,3585.0,111261.0,34.0,1032.0,7637.0,167.0,791.0,294124.0,95400142.0,0.01,100.0,58564565.0,35599871.0,23482989.0,672852.0
2021-07-07,5837207.0,4081.0,111289.0,28.0,997.0,7539.0,166.0,773.0,309521.0,95709663.0,0.011,90.9,59218411.0,35812868.0,23928949.0,653846.0
2021-07-08,5841649.0,4442.0,111314.0,25.0,971.0,7384.0,162.0,764.0,358701.0,96068364.0,0.012,83.3,59875573.0,36044201.0,24361826.0,657162.0
2021-07-09,5846229.0,4580.0,111332.0,18.0,953.0,7275.0,175.0,793.0,464879.0,96533243.0,0.012,83.3,60615003.0,36272167.0,24881319.0,739430.0
2021-07-10,5850925.0,4696.0,111351.0,19.0,947.0,7183.0,167.0,815.0,343620.0,96876863.0,0.013,76.9,61103527.0,36420339.0,25225305.0,488524.0
2021-07-11,5855239.0,4314.0,111356.0,5.0,947.0,7183.0,159.0,797.0,90288.0,96967151.0,0.013,76.9,61273771.0,36480314.0,25335865.0,170244.0
2021-07-12,5856499.0,1260.0,111384.0,28.0,957.0,7137.0,184.0,927.0,392881.0,97360032.0,0.015,66.7,61921928.0,36649025.0,25819371.0,648157.0
2021-07-13,5863449.0,6950.0,111438.0,54.0,933.0,7076.0,191.0,1024.0,405761.0,97765793.0,0.016,62.5,62737902.0,36935806.0,26360711.0,815974.0
2021-07-14,5864899.0,1450.0,111444.0,6.0,931.0,7047.0,180.0,999.0,112680.0,97878473.0,0.017,58.8,63076428.0,37116284.0,26520576.0,338526.0
2021-07-15,5875941.0,11042.0,111460.0,16.0,914.0,7054.0,190.0,1112.0,444225.0,98322698.0,0.02,50.0,63926734.0,37462618.0,27040622.0,850306.0
2021-07-16,5886849.0,10908.0,111482.0,22.0,899.0,6971.0,193.0,1185.0,492118.0,98814816.0,0.023,43.5,64803651.0,37841893.0,27558956.0,876917.0
2021-07-17,5897854.0,11005.0,111498.0,16.0,890.0,6922.0,205.0,1198.0,367824.0,99182640.0,0.026,38.5,65383641.0,38101323.0,27888337.0,579990.0
2021-07-18,5910386.0,12532.0,111503.0,5.0,891.0,6936.0,210.0,1229.0,100378.0,99283018.0,0.027,37.0,65608347.0,38210857.0,28004535.0,224706.0
2021-07-19,5914537.0,4151.0,111523.0,20.0,902.0,7041.0,231.0,1322.0,442928.0,99725946.0,0.033,30.3,66319792.0,38495789.0,28442342.0,711445.0
2021-07-20,5932718.0,18181.0,111556.0,33.0,876.0,6912.0,255.0,1403.0,418068.0,100144014.0,0.038,26.3,67150427.0,38872186.0,28912134.0,830635.0
2021-07-21,5954257.0,21539.0,111578.0,22.0,859.0,6869.0,300.0,1569.0,514814.0,100658828.0,0.04,25.0,67955060.0,39267356.0,29335585.0,804633.0
2021-07-22,5976318.0,22061.0,111589.0,11.0,868.0,6832.0,323.0,1648.0,497488.0,101156316.0,0.042,23.8,68785061.0,39707729.0,29741670.0,830001.0
2021-07-23,5995727.0,19409.0,111626.0,37.0,872.0,6802.0,359.0,1758.0,725339.0,101881655.0,0.042,23.8,69647199.0,40145674.0,30184303.0,862138.0
2021-07-24,6021415.0,25688.0,111648.0,22.0,878.0,6787.0,373.0,1826.0,566350.0,102448005.0,0.042,23.8,70202590.0,40430657.0,30463137.0,555391.0
2021-07-25,6036657.0,15242.0,111654.0,6.0,886.0,6843.0,380.0,1864.0,142968.0,102590973.0,0.042,23.8,70403826.0,40551581.0,30544551.0,201236.0
2021-07-26,6041964.0,5307.0,111699.0,45.0,952.0,7079.0,439.0,2111.0,631094.0,103222067.0,0.043,23.3,71075550.0,40898433.0,30878769.0,671724.0
2021-07-27,6068988.0,27024.0,111727.0,28.0,978.0,7137.0,499.0,2341.0,531515.0,103753582.0,0.043,23.3,71860661.0,41361696.0,31213488.0,785111.0
2021-07-28,6096769.0,27781.0,111771.0,44.0,992.0,7208.0,526.0,2550.0,537413.0,104290995.0,0.044,22.7,72610797.0,41820384.0,31516125.0,750136.0
2021-07-29,6121959.0,25190.0,111799.0,28.0,1015.0,7236.0,558.0,2759.0,605074.0,104896069.0,0.043,23.3,73377759.0,42309295.0,31806355.0,766962.0
2021-07-30,6146268.0,24309.0,111862.0,63.0,1072.0,7363.0,654.0,3069.0,842440.0,105738509.0,0.043,23.3,74143012.0,42770370.0,32123979.0,765253.0
2021-07-31,6169957.0,23689.0,111905.0,43.0,1099.0,7409.0,710.0,3354.0,622393.0,106360902.0,0.042,23.8,74613663.0,43055445.0,32315419.0,470651.0
2021-08-01,6189671.0,19714.0,111923.0,18.0,1137.0,7581.0,763.0,3574.0,158731.0,106519633.0,0.042,23.8,74775975.0,43167567.0,32366251.0,162312.0
2021-08-02,6197831.0,8160.0,111976.0,53.0,1232.0,7840.0,798.0,3655.0,670190.0,107189823.0,0.042,23.8,75352684.0,43508880.0,32607868.0,576709.0
2021-08-03,6221750.0,23919.0,112035.0,59.0,1331.0,7974.0,895.0,3916.0,550943.0,107740766.0,0.042,23.8,75995904.0,43905553.0,32863426.0,643220.0
2021-08-04,6250534.0,28784.0,112084.0,49.0,1371.0,8134.0,961.0,4198.0,550320.0,108291086.0,0.042,23.8,76591568.0,44289789.0,33082901.0,595664.0
2021-08-05,6276994.0,26460.0,112136.0,52.0,1420.0,8210.0,1020.0,4409.0,599912.0,108890998.0,0.043,23.3,77186788.0,44655053.0,33320877.0,595220.0
2021-08-06,6302071.0,25077.0,112200.0,64.0,1458.0,8368.0,1020.0,4631.0,812196.0,109703194.0,0.043,23.3,77818884.0,45014002.0,33602287.0,632096.0
2021-08-07,6327928.0,25857.0,112232.0,32.0,1510.0,8425.0,1065.0,4646.0,623575.0,110326769.0,0.044,22.7,78210125.0,45226320.0,33785457.0,391241.0
2021-08-08,6348388.0,20460.0,112263.0,31.0,1556.0,8685.0,1113.0,4832.0,181295.0,110508064.0,0.043,23.3,78348916.0,45301694.0,33849795.0,138791.0
2021-08-09,6354163.0,5775.0,112338.0,75.0,1667.0,9022.0,1173.0,4977.0,945128.0,111453192.0,0.041,24.4,78867910.0,45559758.0,34115433.0,518994.0
2021-08-10,6381978.0,27815.0,112408.0,70.0,1712.0,9153.0,1166.0,5103.0,823111.0,112276303.0,0.04,25.0,79453159.0,45865438.0,34402032.0,585249.0
2021-08-11,6413830.0,31852.0,112466.0,58.0,1745.0,9233.0,1167.0,5104.0,774216.0,113050519.0,0.038,26.3,79993461.0,46144196.0,34669992.0,540302.0
2021-08-12,6442384.0,28554.0,112543.0,77.0,1807.0,9465.0,1208.0,5286.0,863336.0,113913855.0,0.037,27.0,80543578.0,46414791.0,34956350.0,550117.0
2021-08-13,6468837.0,26453.0,112633.0,90.0,1831.0,9546.0,1231.0,5260.0,1002999.0,114916854.0,0.036,27.8,81071708.0,46666323.0,35238824.0,528130.0
2021-08-14,6493264.0,24427.0,112686.0,53.0,1837.0,9648.0,1213.0,5384.0,840311.0,115757165.0,0.034,29.4,81415132.0,46811210.0,35440357.0,343424.0
2021-08-15,6514533.0,21269.0,112730.0,44.0,1852.0,9798.0,1169.0,5285.0,197636.0,115954801.0,0.034,29.4,81504257.0,46849961.0,35491267.0,89125.0
2021-08-16,6525719.0,11186.0,112837.0,107.0,1908.0,10151.0,1117.0,5402.0,975439.0,116930240.0,0.034,29.4,82009219.0,47035343.0,35813262.0,504962.0
2021-08-17,6548678.0,22959.0,112948.0,111.0,1953.0,10219.0,1151.0,5533.0,821041.0,117751281.0,0.033,30.3,82562324.0,47250449.0,36155198.0,553105.0
2021-08-18,6577083.0,28405.0,113070.0,122.0,2054.0,10336.0,1292.0,5796.0,753852.0,118505133.0,0.033,30.3,83086749.0,47448885.0,36484674.0,524425.0
2021-08-19,6601056.0,23973.0,113199.0,129.0,2049.0,10392.0,1287.0,5878.0,856307.0,119361440.0,0.032,31.2,83604819.0,47640319.0,36815096.0,518070.0
2021-08-20,6623375.0,22319.0,113284.0,85.0,2091.0,10515.0,1313.0,5929.0,1064704.0,120426144.0,0.031,32.3,84156869.0,47826037.0,37184785.0,552050.0
2021-08-21,6646087.0,22712.0,113396.0,112.0,2106.0,10463.0,1360.0,6128.0,769513.0,121195657.0,0.031,32.3,84499810.0,47930473.0,37424852.0,342941.0
2021-08-22,6663387.0,17300.0,113511.0,115.0,2128.0,10651.0,1390.0,6271.0,182326.0,121377983.0,0.031,32.3,84618949.0,47962247.0,37512360.0,119139.0
2021-08-23,6668553.0,5166.0,113620.0,109.0,2215.0,11007.0,1447.0,6264.0,896800.0,122274783.0,0.03,33.3,85117629.0,48102755.0,37871840.0,498680.0
2021-08-24,6693406.0,24853.0,113777.0,157.0,2221.0,11066.0,1416.0,6334.0,737987.0,123012770.0,0.03,33.3,85657881.0,48264727.0,38251979.0,540252.0
2021-08-25,6717112.0,23706.0,113880.0,103.0,2239.0,11171.0,1299.0,6181.0,673609.0,123686379.0,0.029,34.5,86160406.0,48415034.0,38605657.0,502525.0
2021-08-26,6736795.0,19683.0,114002.0,122.0,2261.0,11104.0,1304.0,5946.0,755513.0,124441892.0,0.029,34.5,86647003.0,48557389.0,38950997.0,486597.0
2021-08-27,6737252.0,457.0,114108.0,106.0,2270.0,11162.0,1284.0,5967.0,978790.0,125420682.0,0.028,35.7,87184446.0,48705333.0,39341248.0,537443.0
2021-08-28,6772882.0,35630.0,114182.0,74.0,2259.0,11052.0,1238.0,5627.0,723868.0,126144550.0,0.028,35.7,87525345.0,48795634.0,39592137.0,340899.0
2021-08-29,6786512.0,13630.0,114235.0,53.0,2276.0,11092.0,1206.0,5396.0,168926.0,126313476.0,0.028,35.7,87636141.0,48822813.0,39675618.0,110796.0
2021-08-30,6794200.0,7688.0,114348.0,113.0,2290.0,11245.0,1130.0,5178.0,823050.0,127136526.0,0.026,38.5,88081843.0,48939576.0,40001817.0,445702.0
2021-08-31,6794224.0,24.0,114483.0,135.0,2292.0,11120.0,1134.0,4974.0,643381.0,127779907.0,0.026,38.5,88554611.0,49067978.0,40338457.0,472768.0
2021-09-01,6827353.0,33129.0,114578.0,95.0,2294.0,11119.0,1139.0,4833.0,572051.0,128351958.0,0.025,40.0,88998401.0,49204726.0,40625146.0,443790.0
2021-09-02,6841506.0,14153.0,114687.0,109.0,2275.0,10934.0,1091.0,4740.0,618483.0,128970441.0,0.025,40.0,89383227.0,49316407.0,40874095.0,384826.0
2021-09-03,6856730.0,15224.0,114782.0,95.0,2259.0,10816.0,1056.0,4456.0,845584.0,129816025.0,0.025,40.0,89823034.0,49434313.0,41168370.0,439807.0
2021-09-04,6870066.0,13336.0,114865.0,83.0,2223.0,10654.0,1061.0,4415.0,658034.0,130474059.0,0.024,41.7,90142170.0,49523681.0,41386903.0,319136.0
2021-09-05,6880476.0,10410.0,114914.0,49.0,2217.0,10644.0,1050.0,4331.0,140194.0,130614253.0,0.024,41.7,90212723.0,49544910.0,41432275.0,70553.0
2021-09-06,6883526.0,3050.0,115043.0,129.0,2249.0,10757.0,1078.0,4267.0,688945.0,131303198.0,0.023,43.5,90500942.0,49620700.0,41614408.0,288219.0
2021-09-07,6898060.0,14534.0,115151.0,108.0,2259.0,10646.0,1060.0,4087.0,550374.0,131853572.0,0.023,43.5,90792830.0,49698526.0,41796861.0,291888.0
2021-09-08,6903982.0,5922.0,115304.0,153.0,2224.0,10438.0,1047.0,3940.0,518153.0,132371725.0,0.022,45.5,91117148.0,49787612.0,42003700.0,324318.0
2021-09-09,6922052.0,18070.0,115396.0,92.0,2195.0,10323.0,1043.0,3846.0,613496.0,132985221.0,0.021,47.6,91390202.0,49863107.0,42169619.0,273054.0
2021-09-10,6932018.0,9966.0,115490.0,94.0,2151.0,10115.0,1019.0,3727.0,836652.0,133821873.0,0.02,50.0,91723892.0,49958334.0,42373875.0,333690.0
2021-09-11,6941619.0,9601.0,115536.0,46.0,2131.0,10018.0,986.0,3625.0,637240.0,134459113.0,0.019,52.6,91970472.0,50024284.0,42543103.0,246580.0
2021-09-12,6949298.0,7679.0,115565.0,29.0,2129.0,10012.0,960.0,3585.0,137477.0,134596590.0,0.019,52.6,92017953.0,50036966.0,42575314.0,47481.0
2021-09-13,6951360.0,2062.0,115662.0,97.0,2103.0,9986.0,889.0,3370.0,665563.0,135262153.0,0.018,55.6,92249631.0,50101401.0,42702683.0,231678.0
2021-09-14,6965425.0,14065.0,115862.0,200.0,2000.0,9739.0,826.0,3186.0,549677.0,135811830.0,0.017,58.8,92507818.0,50174660.0,42832807.0,258187.0
2021-09-15,6965808.0,383.0,115876.0,14.0,1959.0,9555.0,771.0,3043.0,497421.0,136309251.0,0.016,62.5,92807457.0,50251509.0,43001080.0,299639.0
2021-09-16,6979080.0,13272.0,115912.0,36.0,1952.0,9297.0,735.0,2871.0,564313.0,136873564.0,0.015,66.7,93045293.0,50315508.0,43115984.0,237836.0
2021-09-17,6986453.0,7373.0,116004.0,92.0,1891.0,9070.0,681.0,2737.0,792154.0,137665718.0,0.015,66.7,93330653.0,50390918.0,43273000.0,285360.0
2021-09-18,6993867.0,7414.0,116046.0,42.0,1837.0,8912.0,658.0,2658.0,578139.0,138243857.0,0.015,66.7,93533342.0,50438967.0,43412496.0,202689.0
2021-09-19,6999681.0,5814.0,116074.0,28.0,1832.0,8887.0,657.0,2584.0,120079.0,138363936.0,0.014,71.4,93567323.0,50446771.0,43436428.0,33981.0
2021-09-20,7001156.0,1475.0,116134.0,60.0,1805.0,8845.0,655.0,2511.0,613961.0,138977897.0,0.014,71.4,93756573.0,50492521.0,43530327.0,189250.0
2021-09-21,7009139.0,7983.0,116259.0,125.0,1744.0,8594.0,654.0,2437.0,508604.0,139486501.0,0.013,76.9,93963037.0,50538230.0,43628827.0,206464.0
2021-09-22,7015933.0,6794.0,116319.0,60.0,1656.0,8414.0,603.0,2346.0,454400.0,139940901.0,0.013,76.9,94207553.0,50586649.0,43769978.0,244516.0
2021-09-23,7022162.0,6229.0,116385.0,66.0,1609.0,8237.0,571.0,2265.0,532090.0,140472991.0,0.013,76.9,94403358.0,50629716.0,43860832.0,195805.0
2021-09-24,7028837.0,6675.0,116467.0,82.0,1586.0,8107.0,562.0,2190.0,733998.0,141206989.0,0.012,83.3,94641708.0,50682138.0,43992630.0,238350.0
2021-09-25,7034053.0,5216.0,116467.0,0.0,1571.0,7980.0,548.0,2143.0,532254.0,141739243.0,0.012,83.3,94807595.0,50717133.0,44107508.0,165887.0
2021-09-26,7038759.0,4706.0,116481.0,14.0,1577.0,7994.0,550.0,2119.0,106539.0,141845782.0,0.012,83.3,94833142.0,50722642.0,44125374.0,25547.0
2021-09-27,7040068.0,1309.0,116565.0,84.0,1571.0,7980.0,530.0,2089.0,573379.0,142419161.0,0.012,83.3,94990666.0,50756584.0,44202056.0,157524.0
2021-09-28,7046833.0,6765.0,116623.0,58.0,1524.0,7801.0,473.0,1890.0,486151.0,142905312.0,0.012,83.3,95156047.0,50792935.0,44276563.0,165381.0
2021-09-29,7052733.0,5900.0,116666.0,43.0,1466.0,7726.0,457.0,1783.0,435954.0,143341266.0,0.012,83.3,95353627.0,50837129.0,44376994.0,197580.0
2021-09-30,7057937.0,5204.0,116727.0,61.0,1414.0,7565.0,444.0,1720.0,528440.0,143869706.0,0.011,90.9,95517107.0,50873480.0,44447483.0,163480.0
2021-10-01,7062872.0,4935.0,116776.0,49.0,1355.0,7410.0,420.0,1638.0,707413.0,144577119.0,0.011,90.9,95743309.0,50943582.0,44546140.0,226202.0
2021-10-02,7067820.0,4948.0,116806.0,30.0,1325.0,7294.0,399.0,1583.0,528232.0,145105351.0,0.011,90.9,95881845.0,50983556.0,44623917.0,138536.0
2021-10-03,7071564.0,3744.0,116815.0,9.0,1326.0,7308.0,383.0,1570.0,99419.0,145204770.0,0.011,90.9,95900178.0,50988764.0,44634608.0,18333.0
2021-10-04,7072702.0,1138.0,116870.0,55.0,1328.0,7299.0,360.0,1510.0,512831.0,145717601.0,0.01,100.0,96048584.0,51026961.0,44692520.0,148406.0
2021-10-05,7078284.0,5582.0,116932.0,62.0,1279.0,7096.0,356.0,1496.0,456650.0,146174251.0,0.01,100.0,96207580.0,51061339.0,44756423.0,158996.0
2021-10-06,7082854.0,4570.0,116991.0,59.0,1242.0,7038.0,344.0,1444.0,403413.0,146577664.0,0.01,100.0,96395114.0,51104781.0,44835047.0,187534.0
2021-10-07,7087860.0,5006.0,117028.0,37.0,1200.0,6903.0,333.0,1400.0,472171.0,147049835.0,0.01,100.0,96552801.0,51135885.0,44896497.0,157687.0
2021-10-08,7092330.0,4470.0,117071.0,43.0,1164.0,6805.0,337.0,1404.0,675274.0,147725109.0,0.01,100.0,96771843.0,51186265.0,44987707.0,219042.0
2021-10-09,7097064.0,4734.0,117086.0,15.0,1127.0,6706.0,330.0,1391.0,513558.0,148238667.0,0.01,100.0,96897291.0,51219943.0,45048152.0,125448.0
2021-10-10,7101055.0,3991.0,117094.0,8.0,1132.0,6737.0,328.0,1406.0,92281.0,148330948.0,0.01,100.0,96912034.0,51224465.0,45055286.0,14743.0
2021-10-11,7102175.0,1120.0,117129.0,35.0,1145.0,6729.0,315.0,1349.0,507284.0,148838232.0,0.01,100.0,97054320.0,51256298.0,45104917.0,142286.0
2021-10-12,7108055.0,5880.0,117182.0,53.0,1111.0,6629.0,308.0,1313.0,444980.0,149283212.0,0.011,90.9,97210341.0,51287912.0,45158943.0,156021.0
2021-10-13,7109414.0,1359.0,117217.0,35.0,1091.0,6601.0,326.0,1330.0,413801.0,149697013.0,0.011,90.9,97387320.0,51328487.0,45221091.0,176979.0
2021-10-14,7118888.0,9474.0,117246.0,29.0,1075.0,6523.0,323.0,1342.0,807823.0,150504836.0,0.011,90.9,97539276.0,51359497.0,45273573.0,151956.0
2021-10-15,7124987.0,6099.0,117282.0,36.0,1051.0,6470.0,314.0,1339.0,373296.0,150878132.0,0.012,83.3,97753159.0,51406067.0,45347852.0,213883.0
2021-10-16,7129886.0,4899.0,117297.0,15.0,1049.0,6437.0,313.0,1320.0,283697.0,151161829.0,0.012,83.3,97864969.0,51437409.0,45391782.0,111810.0
2021-10-17,7133664.0,3778.0,117302.0,5.0,1052.0,6448.0,314.0,1300.0,60671.0,151222500.0,0.012,83.3,97877664.0,51441244.0,45397130.0,12695.0
2021-10-18,7134721.0,1057.0,117348.0,46.0,1049.0,6468.0,323.0,1351.0,391024.0,151613524.0,0.013,76.9,98013722.0,51469269.0,45437873.0,136058.0
2021-10-19,7140666.0,5945.0,117387.0,39.0,1046.0,6483.0,318.0,1383.0,347376.0,151960900.0,0.013,76.9,98160356.0,51496522.0,45481010.0,146634.0
2021-10-20,7146702.0,6036.0,117413.0,26.0,1026.0,6465.0,304.0,1427.0,314645.0,152275545.0,0.014,71.4,98344589.0,51532389.0,45532581.0,184233.0
2021-10-21,7152829.0,6127.0,117450.0,37.0,1009.0,6453.0,319.0,1494.0,342016.0,152617561.0,0.017,58.8,98498916.0,51558664.0,45576915.0,154327.0
2021-10-22,7159195.0,6366.0,117479.0,29.0,1010.0,6400.0,334.0,1482.0,436541.0,153054102.0,0.018,55.6,98704103.0,51597477.0,45638472.0,205187.0
2021-10-23,7165486.0,6291.0,117502.0,23.0,1007.0,6348.0,351.0,1557.0,335682.0,153389784.0,0.018,55.6,98816282.0,51624417.0,45678355.0,112179.0
2021-10-24,7170491.0,5005.0,117506.0,4.0,1018.0,6377.0,354.0,1549.0,64748.0,153454532.0,0.018,55.6,98827634.0,51627329.0,45683157.0,11352.0
2021-10-25,7171786.0,1295.0,117549.0,43.0,1023.0,6405.0,361.0,1541.0,350750.0,153805282.0,0.018,55.6,98971628.0,51653599.0,45718701.0,143994.0
2021-10-26,7178421.0,6635.0,117587.0,38.0,1049.0,6445.0,410.0,1571.0,292853.0,154098135.0,0.019,52.6,99117242.0,51677392.0,45753432.0,145614.0
2021-10-27,7185420.0,6999.0,117624.0,37.0,1038.0,6489.0,427.0,1591.0,284130.0,154382265.0,0.019,52.6,99301938.0,51707395.0,45799172.0,184696.0
2021-10-28,7191410.0,5990.0,117654.0,30.0,1037.0,6541.0,426.0,1589.0,287474.0,154669739.0,0.02,50.0,99448068.0,51730846.0,45833312.0,146130.0
2021-10-29,7197843.0,6433.0,117683.0,29.0,1034.0,6534.0,435.0,1669.0,377091.0,155046830.0,0.021,47.6,99647480.0,51762518.0,45883700.0,199412.0
2021-10-30,7205203.0,7360.0,117705.0,22.0,1039.0,6524.0,437.0,1661.0,331824.0,155378654.0,0.022,45.5,99751108.0,51782932.0,45916651.0,103628.0
2021-10-31,7211532.0,6329.0,117717.0,12.0,1046.0,6572.0,436.0,1703.0,75139.0,155453793.0,0.022,45.5,99761041.0,51785422.0,45920569.0,9933.0
2021-11-01,7213398.0,1866.0,117723.0,6.0,1069.0,6639.0,390.0,1537.0,85834.0,155539627.0,0.022,45.5,99777583.0,51794730.0,45924519.0,16542.0
2021-11-02,7215437.0,2039.0,117810.0,87.0,1091.0,6680.0,404.0,1637.0,370193.0,155909820.0,0.025,40.0,99936688.0,51820659.0,45964103.0,159105.0
2021-11-03,7225667.0,10230.0,117848.0,38.0,1096.0,6764.0,438.0,1801.0,281011.0,156190831.0,0.026,38.5,100132759.0,51850455.0,46011378.0,196071.0
2021-11-04,7235011.0,9344.0,117894.0,46.0,1099.0,6718.0,461.0,1864.0,275605.0,156466436.0,0.028,35.7,100301361.0,51874201.0,46048675.0,168602.0
2021-11-05,7244009.0,8998.0,117920.0,26.0,1089.0,6735.0,476.0,1915.0,367263.0,156833699.0,0.029,34.5,100528368.0,51906498.0,46101681.0,227007.0
2021-11-06,7253614.0,9605.0,117945.0,25.0,1099.0,6667.0,487.0,1929.0,302889.0,157136588.0,0.031,32.3,100649477.0,51927922.0,46136499.0,121109.0
2021-11-07,7262161.0,8547.0,117955.0,10.0,1101.0,6709.0,487.0,1924.0,64027.0,157200615.0,0.031,32.3,100661596.0,51930270.0,46141176.0,12119.0
2021-11-08,7264358.0,2197.0,118012.0,57.0,1141.0,6865.0,580.0,2304.0,372074.0,157572689.0,0.033,30.3,100847446.0,51950589.0,46179352.0,185850.0
2021-11-09,7276869.0,12511.0,118056.0,44.0,1140.0,6851.0,553.0,2297.0,329506.0,157902195.0,0.034,29.4,101076461.0,51972621.0,46224431.0,229015.0
2021-11-10,7288752.0,11883.0,118089.0,33.0,1154.0,6906.0,551.0,2247.0,354390.0,158256585.0,0.034,29.4,101350225.0,52003940.0,46279286.0,273764.0
2021-11-11,7301355.0,12603.0,118106.0,17.0,1145.0,6952.0,505.0,2125.0,86151.0,158342736.0,0.034,29.4,101373827.0,52008022.0,46285704.0,23602.0
2021-11-12,7305215.0,3860.0,118154.0,48.0,1182.0,7046.0,521.0,2153.0,481404.0,158824140.0,0.036,27.8,101642341.0,52036825.0,46341332.0,268514.0
2021-11-13,7319861.0,14646.0,118170.0,16.0,1202.0,7050.0,530.0,2197.0,331494.0,159155634.0,0.037,27.0,101776745.0,52057047.0,46374678.0,134404.0
2021-11-14,7332357.0,12496.0,118187.0,17.0,1210.0,7111.0,536.0,2222.0,68131.0,159223765.0,0.038,26.3,101790619.0,52059342.0,46379090.0,13874.0
2021-11-15,7335616.0,3259.0,118262.0,75.0,1257.0,7361.0,559.0,2370.0,458995.0,159682760.0,0.041,24.4,102013059.0,52079693.0,46419357.0,222440.0
2021-11-16,7355394.0,19778.0,118309.0,47.0,1277.0,7535.0,595.0,2608.0,433490.0,160116250.0,0.043,23.3,102282448.0,52102903.0,46464778.0,269389.0
2021-11-17,7375688.0,20294.0,118365.0,56.0,1300.0,7663.0,609.0,2736.0,405919.0,160522169.0,0.045,22.2,102564847.0,52133152.0,46516556.0,282399.0
2021-11-18,7396054.0,20366.0,118417.0,52.0,1333.0,7787.0,693.0,3046.0,445058.0,160967227.0,0.047,21.3,102825999.0,52156370.0,46561804.0,261152.0
2021-11-19,7417274.0,21220.0,118467.0,50.0,1353.0,7940.0,724.0,3247.0,569320.0,161536547.0,0.048,20.8,103166690.0,52189957.0,46624884.0,340691.0
2021-11-20,7439952.0,22678.0,118490.0,23.0,1333.0,7974.0,700.0,3282.0,422426.0,161958973.0,0.049,20.4,103332309.0,52215225.0,46662850.0,165619.0
2021-11-21,7459701.0,19749.0,118505.0,15.0,1339.0,8038.0,701.0,3315.0,79422.0,162038395.0,0.049,20.4,103350060.0,52217809.0,46668426.0,17751.0
2021-11-22,7464992.0,5291.0,118602.0,97.0,1406.0,8338.0,745.0,3549.0,615024.0,162653419.0,0.052,19.2,103590194.0,52240539.0,46704034.0,240134.0
2021-11-23,7495446.0,30454.0,118686.0,84.0,1455.0,8525.0,802.0,3661.0,600786.0,163254205.0,0.053,18.9,103893992.0,52265961.0,46751752.0,303798.0
2021-11-24,7528037.0,32591.0,118767.0,81.0,1483.0,8765.0,832.0,3906.0,589205.0,163843410.0,0.054,18.5,104207610.0,52297648.0,46807330.0,313618.0
2021-11-25,7561501.0,33464.0,118839.0,72.0,1499.0,8981.0,852.0,4162.0,660439.0,164503849.0,0.055,18.2,104541783.0,52322902.0,46858269.0,334173.0
2021-11-26,7595937.0,34436.0,118899.0,60.0,1563.0,9181.0,899.0,4343.0,770463.0,165274312.0,0.057,17.5,105033115.0,52356005.0,46935024.0,491332.0
2021-11-27,7632994.0,37057.0,118931.0,32.0,1617.0,9271.0,961.0,4462.0,546957.0,165821269.0,0.057,17.5,105323434.0,52379156.0,46985689.0,290319.0
2021-11-28,7664575.0,31581.0,118952.0,21.0,1632.0,9381.0,976.0,4528.0,113100.0,165934369.0,0.058,17.2,105395477.0,52382605.0,46997462.0,72043.0
2021-11-29,7673082.0,8507.0,119078.0,126.0,1749.0,9860.0,1041.0,4706.0,852946.0,166787315.0,0.06,16.7,105815131.0,52401982.0,47053780.0,419654.0
2021-11-30,7720283.0,47201.0,119193.0,115.0,1824.0,10249.0,1120.0,5134.0,812091.0,167599406.0,0.061,16.4,106372816.0,52426238.0,47127599.0,557685.0
2021-12-01,7769893.0,49610.0,119289.0,96.0,1886.0,10558.0,1198.0,5356.0,793952.0,168393358.0,0.062,16.1,106950798.0,52451823.0,47205586.0,577982.0
2021-12-02,7818309.0,48416.0,119392.0,103.0,1934.0,10790.0,1252.0,5528.0,845617.0,169238975.0,0.063,15.9,107576897.0,52473499.0,47279861.0,626099.0
2021-12-03,7868167.0,49858.0,119519.0,127.0,2058.0,11103.0,1357.0,5937.0,920515.0,170159490.0,0.064,15.6,108296881.0,52498779.0,47374681.0,719984.0
2021-12-04,7919631.0,51464.0,119567.0,48.0,2037.0,11340.0,1374.0,6243.0,707500.0,170866990.0,0.064,15.6,108714890.0,52516951.0,47437182.0,418009.0
2021-12-05,7961784.0,42153.0,119594.0,27.0,2066.0,11526.0,1402.0,6388.0,155909.0,171022899.0,0.064,15.6,108832897.0,52521086.0,47455003.0,118007.0
2021-12-06,7973362.0,11578.0,119789.0,195.0,2191.0,12096.0,1456.0,6769.0,1024484.0,172047383.0,0.066,15.2,109423706.0,52540118.0,47531194.0,590809.0
2021-12-07,8032381.0,59019.0,119961.0,172.0,2351.0,12714.0,1593.0,7247.0,909709.0,172957092.0,0.066,15.2,110189321.0,52563319.0,47625898.0,765615.0
2021-12-08,8093721.0,61340.0,120094.0,133.0,2426.0,13044.0,1654.0,7543.0,877017.0,173834109.0,0.067,14.9,110903854.0,52588448.0,47720909.0,714533.0
2021-12-09,8150575.0,56854.0,120230.0,136.0,2461.0,13363.0,1704.0,7843.0,915004.0,174749113.0,0.067,14.9,111690663.0,52612310.0,47817950.0,786809.0
2021-12-10,8205715.0,55140.0,120378.0,148.0,2498.0,13629.0,1673.0,7983.0,955535.0,175704648.0,0.067,14.9,112570085.0,52639306.0,47931172.0,879422.0
2021-12-11,8259634.0,53919.0,120445.0,67.0,2539.0,13855.0,1730.0,8076.0,733885.0,176438533.0,0.066,15.2,113104179.0,52659507.0,48008711.0,534094.0
2021-12-12,8303482.0,43848.0,120493.0,48.0,2602.0,14050.0,1771.0,8179.0,177977.0,176616510.0,0.066,15.2,113276469.0,52665100.0,48032922.0,172290.0
2021-12-13,8315546.0,12064.0,120736.0,243.0,2752.0,14527.0,1843.0,8260.0,1079169.0,177695679.0,0.067,14.9,113980468.0,52686081.0,48126042.0,703999.0
2021-12-14,8378951.0,63405.0,120894.0,158.0,2792.0,14819.0,1797.0,8257.0,929110.0,178624789.0,0.067,14.9,114895296.0,52712993.0,48245855.0,914828.0
2021-12-15,8444664.0,65713.0,121045.0,151.0,2843.0,15062.0,1795.0,8422.0,926031.0,179550820.0,0.068,14.7,115735460.0,52740737.0,48361380.0,840164.0
2021-12-16,8505530.0,60866.0,121233.0,188.0,2832.0,15142.0,1800.0,8514.0,956886.0,180507706.0,0.068,14.7,116647547.0,52768370.0,48479046.0,912087.0
2021-12-17,8563658.0,58128.0,121395.0,162.0,2901.0,15410.0,1851.0,8670.0,1028513.0,181536219.0,0.068,14.7,117620095.0,52799502.0,48609577.0,972548.0
2021-12-18,8622194.0,58536.0,121480.0,85.0,2933.0,15370.0,1865.0,8699.0,807548.0,182343767.0,0.068,14.7,118197970.0,52823635.0,48692190.0,577875.0
2021-12-19,8670667.0,48473.0,121555.0,75.0,2936.0,15528.0,1845.0,8712.0,209737.0,182553504.0,0.068,14.7,118406015.0,52831769.0,48722352.0,208045.0
2021-12-20,8685742.0,15075.0,121779.0,224.0,3025.0,15918.0,1806.0,8673.0,1011485.0,183564989.0,0.071,14.1,119130524.0,52862166.0,48821608.0,724509.0
2021-12-21,8758599.0,72857.0,122008.0,229.0,3096.0,16076.0,1801.0,8672.0,979695.0,184544684.0,0.075,13.3,119966426.0,52899766.0,48934892.0,835902.0
2021-12-22,8842871.0,84272.0,122178.0,170.0,3147.0,16118.0,1849.0,8623.0,1152189.0,185696873.0,0.079,12.7,120679716.0,52935054.0,49034814.0,713290.0
2021-12-23,8934479.0,91608.0,122357.0,179.0,3208.0,16060.0,1924.0,8628.0,1515006.0,187211879.0,0.08,12.5,121233892.0,52965643.0,49115096.0,554176.0
2021-12-24,9028603.0,94124.0,122524.0,167.0,3254.0,16173.0,1939.0,8577.0,1325593.0,188537472.0,0.082,12.2,121382799.0,52975474.0,49142268.0,148907.0
2021-12-25,9133214.0,104611.0,122608.0,84.0,3282.0,16162.0,1909.0,8521.0,178615.0,188716087.0,0.085,11.8,121395029.0,52976158.0,49146175.0,12230.0
2021-12-26,9160911.0,27697.0,122704.0,96.0,3299.0,16365.0,1911.0,8542.0,262492.0,188978579.0,0.088,11.4,121463639.0,52980213.0,49158525.0,68610.0
2021-12-27,9191370.0,30459.0,122960.0,256.0,3333.0,16921.0,1899.0,8710.0,1314899.0,190293478.0,0.107,9.3,122030132.0,53006358.0,49242981.0,566493.0
2021-12-28,9371178.0,179808.0,123250.0,290.0,3416.0,17405.0,1959.0,9159.0,1233486.0,191526964.0,0.123,8.1,122729245.0,53039390.0,49342713.0,699113.0
2021-12-29,9579277.0,208099.0,123434.0,184.0,3469.0,17856.0,2000.0,9704.0,1329054.0,192856018.0,0.14,7.1,123353079.0,53071070.0,49431670.0,623834.0
2021-12-30,9785821.0,206544.0,123616.0,182.0,3506.0,18321.0,1976.0,10279.0,1598283.0,194454301.0,0.158,6.3,123881840.0,53101693.0,49506930.0,528761.0
2021-12-31,10018021.0,232200.0,123805.0,189.0,3543.0,18715.0,1980.0,10809.0,1604390.0,196058691.0,0.168,6.0,124035202.0,53111954.0,49532415.0,153362.0
